,MRI_Multiclass_Label
0,2.0
1,0.0
2,2.0
3,1.0
4,2.0
5,2.0
6,0.0
7,1.0
8,1.0
9,3.0
10,3.0
11,1.0
12,1.0
13,3.0
14,3.0
15,2.0
16,2.0
17,3.0
18,3.0
19,0.0
20,0.0
21,2.0
22,3.0
23,2.0
24,3.0
25,3.0
26,3.0
27,0.0
28,2.0
29,1.0
30,2.0
31,1.0
32,1.0
33,2.0
34,1.0
35,3.0
36,0.0
37,1.0
38,2.0
39,1.0
40,2.0
41,1.0
42,0.0
43,3.0
44,2.0
45,1.0
46,1.0
47,1.0
48,0.0
49,1.0
50,2.0
51,2.0
52,2.0
53,3.0
54,1.0
55,2.0
56,1.0
57,2.0
58,1.0
59,1.0
60,1.0
61,2.0
62,3.0
63,3.0
64,3.0
65,1.0
66,2.0
67,1.0
68,1.0
69,2.0
70,1.0
71,1.0
72,3.0
73,3.0
74,1.0
75,3.0
76,1.0
77,1.0
78,0.0
79,2.0
80,1.0
81,2.0
82,1.0
83,2.0
84,3.0
85,3.0
86,3.0
87,2.0
88,3.0
89,3.0
90,3.0
91,1.0
92,2.0
93,3.0
94,3.0
95,1.0
96,2.0
97,1.0
98,1.0
99,2.0
100,2.0
101,0.0
102,2.0
103,1.0
104,2.0
105,3.0
106,1.0
107,1.0
108,2.0
109,3.0
110,1.0
111,1.0
112,2.0
113,2.0
114,0.0
115,3.0
116,3.0
117,2.0
118,1.0
119,2.0
120,3.0
121,3.0
122,1.0
123,2.0
124,1.0
125,0.0
126,3.0
127,0.0
128,3.0
129,2.0
130,1.0
131,0.0
132,2.0
133,2.0
134,2.0
135,2.0
136,2.0
137,3.0
138,3.0
139,3.0
140,3.0
141,3.0
142,1.0
143,1.0
144,3.0
145,2.0
146,3.0
147,1.0
148,1.0
149,2.0
150,2.0
151,1.0
152,3.0
153,1.0
154,3.0
155,2.0
156,0.0
157,1.0
158,3.0
159,1.0
160,3.0
161,1.0
162,1.0
163,1.0
164,1.0
165,2.0
166,1.0
167,2.0
168,2.0
169,1.0
170,0.0
171,3.0
172,3.0
173,2.0
174,1.0
175,1.0
176,0.0
177,1.0
178,2.0
179,2.0
180,1.0
181,3.0
182,3.0
183,3.0
184,2.0
185,1.0
186,0.0
187,1.0
188,2.0
189,3.0
190,3.0
191,3.0
192,2.0
193,3.0
194,1.0
195,2.0
196,1.0
197,1.0
198,1.0
199,3.0
200,0.0
201,2.0
202,2.0
203,1.0
204,0.0
205,1.0
206,3.0
207,0.0
208,1.0
209,3.0
210,3.0
211,2.0
212,2.0
213,2.0
214,2.0
215,2.0
216,1.0
217,1.0
218,3.0
219,1.0
220,2.0
221,1.0
222,3.0
223,1.0
224,3.0
225,3.0
226,1.0
227,2.0
228,0.0
229,0.0
230,3.0
231,3.0
232,2.0
233,0.0
234,0.0
235,2.0
236,1.0
237,3.0
238,3.0
239,2.0
240,2.0
241,2.0
242,2.0
243,3.0
244,3.0
245,3.0
246,3.0
247,3.0
248,3.0
249,0.0
250,1.0
251,1.0
252,1.0
253,2.0
254,3.0
255,1.0
256,2.0
257,0.0
258,1.0
259,0.0
260,2.0
261,3.0
262,3.0
263,0.0
264,1.0
265,2.0
266,3.0
267,2.0
268,2.0
269,1.0
270,2.0
271,1.0
272,3.0
273,0.0
274,2.0
275,2.0
276,1.0
277,1.0
278,1.0
279,0.0
280,2.0
281,3.0
282,3.0
283,0.0
284,1.0
285,1.0
286,2.0
287,3.0
288,1.0
289,3.0
290,1.0
291,1.0
292,0.0
293,1.0
294,2.0
295,0.0
296,0.0
297,2.0
298,3.0
299,2.0
300,1.0
301,2.0
302,2.0
303,3.0
304,3.0
305,3.0
306,3.0
307,3.0
308,1.0
309,2.0
310,2.0
311,3.0
312,0.0
313,2.0
314,3.0
315,3.0
316,1.0
317,2.0
318,0.0
319,2.0
320,3.0
321,3.0
322,3.0
323,0.0
324,2.0
325,1.0
326,3.0
327,1.0
328,3.0
329,3.0
330,1.0
331,1.0
332,1.0
333,3.0
334,1.0
335,0.0
336,3.0
337,2.0
338,1.0
339,3.0
340,1.0
341,1.0
342,3.0
343,1.0
344,2.0
345,1.0
346,1.0
347,3.0
348,0.0
349,2.0
350,2.0
351,1.0
352,2.0
353,2.0
354,3.0
355,2.0
356,3.0
357,1.0
358,1.0
359,2.0
360,1.0
361,0.0
362,1.0
363,3.0
364,1.0
365,3.0
366,2.0
367,3.0
368,3.0
369,2.0
370,1.0
371,2.0
372,3.0
373,1.0
374,1.0
375,2.0
376,3.0
377,2.0
378,3.0
379,0.0
380,2.0
381,0.0
382,3.0
383,3.0
384,1.0
385,0.0
386,2.0
387,2.0
388,0.0
389,1.0
390,2.0
391,3.0
392,0.0
393,0.0
394,2.0
395,0.0
396,3.0
397,0.0
398,2.0
399,3.0
400,3.0
401,3.0
402,3.0
403,2.0
404,3.0
405,1.0
406,3.0
407,0.0
408,0.0
409,2.0
410,1.0
411,1.0
412,1.0
413,2.0
414,1.0
415,2.0
416,3.0
417,1.0
418,2.0
419,0.0
420,2.0
421,1.0
422,1.0
423,1.0
424,2.0
425,0.0
426,2.0
427,2.0
428,2.0
429,2.0
430,1.0
431,2.0
432,1.0
433,2.0
434,2.0
435,1.0
436,0.0
437,2.0
438,3.0
439,1.0
440,3.0
441,3.0
442,3.0
443,1.0
444,2.0
445,2.0
446,3.0
447,1.0
448,0.0
449,3.0
450,2.0
451,0.0
452,0.0
453,1.0
454,0.0
455,3.0
456,1.0
457,2.0
458,3.0
459,3.0
460,1.0
461,0.0
462,2.0
463,2.0
464,1.0
465,2.0
466,1.0
467,0.0
468,2.0
469,3.0
470,1.0
471,2.0
472,0.0
473,1.0
474,3.0
475,3.0
476,3.0
477,3.0
478,1.0
479,1.0
480,3.0
481,0.0
482,1.0
483,3.0
484,2.0
485,2.0
486,2.0
487,0.0
488,2.0
489,1.0
490,0.0
491,3.0
492,3.0
493,1.0
494,3.0
495,0.0
496,3.0
497,2.0
498,2.0
499,0.0
500,3.0
501,2.0
502,0.0
503,2.0
504,1.0
505,3.0
506,2.0
507,2.0
508,1.0
509,0.0
510,3.0
511,1.0
512,3.0
513,3.0
514,3.0
515,2.0
516,3.0
517,2.0
518,2.0
519,2.0
520,2.0
521,0.0
522,1.0
523,3.0
524,2.0
525,0.0
526,3.0
527,1.0
528,3.0
529,0.0
530,1.0
531,1.0
532,2.0
533,0.0
534,3.0
535,0.0
536,1.0
537,1.0
538,1.0
539,1.0
540,2.0
541,1.0
542,2.0
543,1.0
544,3.0
545,3.0
546,2.0
547,1.0
548,1.0
549,3.0
550,2.0
551,2.0
552,2.0
553,0.0
554,0.0
555,2.0
556,0.0
557,1.0
558,2.0
559,2.0
560,2.0
561,3.0
562,2.0
563,0.0
564,0.0
565,1.0
566,2.0
567,2.0
568,2.0
569,2.0
570,1.0
571,1.0
572,1.0
573,2.0
574,2.0
575,2.0
576,2.0
577,1.0
578,3.0
579,2.0
580,0.0
581,2.0
582,1.0
583,0.0
584,2.0
585,2.0
586,2.0
587,2.0
588,0.0
589,2.0
590,0.0
591,2.0
592,2.0
593,1.0
594,2.0
595,1.0
596,0.0
597,1.0
598,1.0
599,1.0
600,3.0
601,2.0
602,1.0
603,0.0
604,1.0
605,1.0
606,3.0
607,2.0
608,0.0
609,2.0
610,3.0
611,1.0
612,2.0
613,1.0
614,3.0
615,3.0
616,3.0
617,0.0
618,1.0
619,0.0
620,0.0
621,3.0
622,0.0
623,3.0
624,2.0
625,2.0
626,3.0
627,0.0
628,3.0
629,2.0
630,3.0
631,3.0
632,2.0
633,0.0
634,0.0
635,1.0
636,1.0
637,0.0
638,2.0
639,0.0
640,2.0
641,0.0
642,3.0
643,1.0
644,2.0
645,2.0
646,3.0
647,3.0
648,1.0
649,1.0
650,1.0
651,3.0
652,2.0
653,1.0
654,2.0
655,1.0
656,1.0
657,3.0
658,0.0
659,1.0
660,0.0
661,1.0
662,2.0
663,3.0
664,1.0
665,2.0
666,3.0
667,3.0
668,2.0
669,3.0
670,3.0
671,3.0
672,0.0
673,1.0
674,1.0
675,3.0
676,2.0
677,0.0
678,1.0
679,3.0
680,1.0
681,0.0
682,2.0
683,0.0
684,2.0
685,2.0
686,1.0
687,3.0
688,0.0
689,1.0
690,0.0
691,3.0
692,2.0
693,3.0
694,2.0
695,2.0
696,1.0
697,0.0
698,0.0
699,2.0
700,2.0
701,2.0
702,0.0
703,0.0
704,3.0
705,1.0
706,3.0
707,2.0
708,3.0
709,1.0
710,1.0
711,1.0
712,2.0
713,1.0
714,3.0
715,0.0
716,0.0
717,3.0
718,3.0
719,3.0
720,3.0
721,2.0
722,2.0
723,1.0
724,1.0
725,2.0
726,0.0
727,2.0
728,3.0
729,3.0
730,2.0
731,2.0
732,1.0
733,1.0
734,2.0
735,0.0
736,1.0
737,1.0
738,2.0
739,0.0
740,3.0
741,2.0
742,3.0
743,3.0
744,2.0
745,3.0
746,3.0
747,3.0
748,3.0
749,3.0
750,2.0
751,1.0
752,3.0
753,1.0
754,2.0
755,0.0
756,3.0
757,2.0
758,3.0
759,2.0
760,1.0
761,1.0
762,2.0
763,3.0
764,2.0
765,0.0
766,1.0
767,1.0
768,2.0
769,3.0
770,3.0
771,1.0
772,3.0
773,3.0
774,2.0
775,0.0
776,1.0
777,0.0
778,2.0
779,3.0
780,3.0
781,3.0
782,3.0
783,2.0
784,2.0
785,3.0
786,3.0
787,3.0
788,3.0
789,2.0
790,3.0
791,0.0
792,3.0
793,1.0
794,1.0
795,3.0
796,2.0
797,3.0
798,2.0
799,3.0
800,3.0
801,2.0
802,2.0
803,3.0
804,0.0
805,1.0
806,1.0
807,0.0
808,2.0
809,2.0
810,2.0
811,1.0
812,1.0
813,0.0
814,0.0
815,1.0
816,0.0
817,3.0
818,3.0
819,0.0
820,2.0
821,3.0
822,3.0
823,2.0
824,1.0
825,3.0
826,1.0
827,3.0
828,2.0
829,0.0
830,1.0
831,3.0
832,3.0
833,3.0
834,2.0
835,2.0
836,1.0
837,3.0
838,1.0
839,3.0
840,1.0
841,2.0
842,1.0
843,3.0
844,0.0
845,1.0
846,2.0
847,3.0
848,3.0
849,2.0
850,1.0
851,3.0
852,3.0
853,3.0
854,3.0
855,2.0
856,1.0
857,2.0
858,2.0
859,0.0
860,3.0
861,1.0
862,1.0
863,2.0
864,3.0
865,2.0
866,2.0
867,2.0
868,0.0
869,2.0
870,1.0
871,3.0
872,2.0
873,3.0
874,1.0
875,1.0
876,3.0
877,1.0
878,3.0
879,2.0
880,1.0
881,1.0
882,0.0
883,1.0
884,3.0
885,1.0
886,1.0
887,3.0
888,2.0
889,3.0
890,2.0
891,2.0
892,0.0
893,3.0
894,2.0
895,1.0
896,3.0
897,2.0
898,2.0
899,3.0
900,3.0
901,2.0
902,3.0
903,0.0
904,3.0
905,1.0
906,2.0
907,2.0
908,3.0
909,3.0
910,3.0
911,0.0
912,0.0
913,1.0
914,2.0
915,2.0
916,0.0
917,3.0
918,3.0
919,0.0
920,0.0
921,3.0
922,1.0
923,3.0
924,0.0
925,2.0
926,2.0
927,1.0
928,0.0
929,2.0
930,3.0
931,1.0
932,3.0
933,1.0
934,1.0
935,0.0
936,0.0
937,2.0
938,2.0
939,0.0
940,3.0
941,3.0
942,3.0
943,1.0
944,3.0
945,3.0
946,0.0
947,3.0
948,1.0
949,2.0
950,3.0
951,1.0
952,1.0
953,2.0
954,3.0
955,2.0
956,0.0
957,1.0
958,0.0
959,0.0
960,3.0
961,2.0
962,2.0
963,2.0
964,0.0
965,2.0
966,3.0
967,0.0
968,1.0
969,2.0
970,1.0
971,3.0
972,3.0
973,3.0
974,3.0
975,1.0
976,0.0
977,2.0
978,1.0
979,3.0
980,2.0
981,1.0
982,1.0
983,0.0
984,1.0
985,1.0
986,2.0
987,3.0
988,3.0
989,3.0
990,2.0
991,1.0
992,3.0
993,1.0
994,3.0
995,2.0
996,2.0
997,0.0
998,2.0
999,1.0
1000,2.0
1001,1.0
1002,1.0
1003,0.0
1004,3.0
1005,0.0
1006,0.0
1007,3.0
1008,1.0
1009,3.0
1010,1.0
1011,1.0
1012,2.0
1013,3.0
1014,1.0
1015,0.0
1016,2.0
1017,0.0
1018,3.0
1019,2.0
1020,2.0
1021,2.0
1022,3.0
1023,2.0
1024,1.0
1025,3.0
1026,3.0
1027,1.0
1028,0.0
1029,3.0
1030,1.0
1031,1.0
1032,1.0
1033,2.0
1034,2.0
1035,2.0
1036,3.0
1037,1.0
1038,2.0
1039,1.0
1040,2.0
1041,3.0
1042,1.0
1043,2.0
1044,0.0
1045,3.0
1046,1.0
1047,0.0
1048,3.0
1049,2.0
1050,1.0
1051,2.0
1052,2.0
1053,1.0
1054,1.0
1055,2.0
1056,0.0
1057,3.0
1058,3.0
1059,1.0
1060,3.0
1061,3.0
1062,2.0
1063,1.0
1064,2.0
1065,1.0
1066,3.0
1067,1.0
1068,2.0
1069,1.0
1070,1.0
1071,1.0
1072,1.0
1073,3.0
1074,2.0
1075,2.0
1076,1.0
1077,0.0
1078,1.0
1079,0.0
1080,0.0
1081,2.0
1082,0.0
1083,1.0
1084,0.0
1085,1.0
1086,0.0
1087,3.0
1088,0.0
1089,1.0
1090,0.0
1091,2.0
1092,2.0
1093,3.0
1094,1.0
1095,2.0
1096,0.0
1097,1.0
1098,2.0
1099,1.0
1100,3.0
1101,1.0
1102,2.0
1103,3.0
1104,2.0
1105,1.0
1106,2.0
1107,1.0
1108,1.0
1109,2.0
1110,2.0
1111,3.0
1112,0.0
1113,1.0
1114,1.0
1115,2.0
1116,3.0
1117,2.0
1118,1.0
1119,2.0
1120,1.0
1121,1.0
1122,1.0
1123,3.0
1124,2.0
1125,1.0
1126,1.0
1127,1.0
1128,2.0
1129,1.0
1130,1.0
1131,3.0
1132,3.0
1133,2.0
1134,3.0
1135,0.0
1136,1.0
1137,1.0
1138,3.0
1139,3.0
1140,1.0
1141,3.0
1142,1.0
1143,2.0
1144,3.0
1145,2.0
1146,0.0
1147,1.0
1148,2.0
1149,3.0
1150,3.0
1151,2.0
1152,1.0
1153,0.0
1154,2.0
1155,2.0
1156,3.0
1157,3.0
1158,3.0
1159,2.0
1160,0.0
1161,1.0
1162,1.0
1163,3.0
1164,1.0
1165,1.0
1166,2.0
1167,2.0
1168,1.0
1169,0.0
1170,3.0
1171,2.0
1172,3.0
1173,2.0
1174,0.0
1175,3.0
1176,3.0
1177,2.0
1178,0.0
1179,3.0
1180,2.0
1181,3.0
1182,3.0
1183,0.0
1184,3.0
1185,2.0
1186,3.0
1187,0.0
1188,1.0
1189,1.0
1190,2.0
1191,2.0
1192,1.0
1193,2.0
1194,0.0
1195,3.0
1196,1.0
1197,1.0
1198,1.0
1199,0.0
1200,3.0
1201,1.0
1202,2.0
1203,1.0
1204,1.0
1205,1.0
1206,1.0
1207,2.0
1208,1.0
1209,0.0
1210,3.0
1211,2.0
1212,1.0
1213,1.0
1214,1.0
1215,2.0
1216,0.0
1217,1.0
1218,0.0
1219,3.0
1220,0.0
1221,0.0
1222,3.0
1223,2.0
1224,2.0
1225,3.0
1226,1.0
1227,1.0
1228,2.0
1229,0.0
1230,0.0
1231,1.0
1232,2.0
1233,0.0
1234,2.0
1235,1.0
1236,1.0
1237,1.0
1238,1.0
1239,3.0
1240,3.0
1241,1.0
1242,2.0
1243,0.0
1244,1.0
1245,2.0
1246,1.0
1247,2.0
1248,1.0
1249,2.0
1250,1.0
1251,3.0
1252,0.0
1253,0.0
1254,0.0
1255,1.0
1256,3.0
1257,2.0
1258,0.0
1259,3.0
1260,2.0
1261,1.0
1262,3.0
1263,2.0
1264,2.0
1265,2.0
1266,2.0
1267,1.0
1268,3.0
1269,0.0
1270,1.0
1271,2.0
1272,1.0
1273,2.0
1274,2.0
1275,1.0
1276,1.0
1277,1.0
1278,2.0
1279,3.0
1280,3.0
1281,2.0
1282,3.0
1283,2.0
1284,3.0
1285,1.0
1286,1.0
1287,0.0
1288,3.0
1289,1.0
1290,2.0
1291,2.0
1292,1.0
1293,1.0
1294,1.0
1295,2.0
1296,3.0
1297,1.0
1298,0.0
1299,3.0
1300,1.0
1301,2.0
1302,0.0
1303,2.0
1304,3.0
1305,2.0
1306,1.0
1307,0.0
1308,0.0
1309,1.0
1310,2.0
1311,2.0
1312,3.0
1313,0.0
1314,3.0
1315,2.0
1316,0.0
1317,1.0
1318,3.0
1319,3.0
1320,2.0
1321,1.0
1322,3.0
1323,2.0
1324,2.0
1325,2.0
1326,3.0
1327,1.0
1328,0.0
1329,3.0
1330,3.0
1331,1.0
1332,1.0
1333,3.0
1334,0.0
1335,3.0
1336,2.0
1337,1.0
1338,0.0
1339,0.0
1340,3.0
1341,3.0
1342,0.0
1343,1.0
1344,2.0
1345,3.0
1346,1.0
1347,2.0
1348,3.0
1349,1.0
1350,0.0
1351,3.0
1352,1.0
1353,1.0
1354,2.0
1355,3.0
1356,2.0
1357,1.0
1358,1.0
1359,3.0
1360,2.0
1361,3.0
1362,1.0
1363,0.0
1364,2.0
1365,3.0
1366,1.0
1367,1.0
1368,2.0
1369,1.0
1370,2.0
1371,2.0
1372,3.0
1373,0.0
1374,3.0
1375,2.0
1376,3.0
1377,3.0
1378,2.0
1379,2.0
1380,2.0
1381,3.0
1382,0.0
1383,3.0
1384,1.0
1385,3.0
1386,2.0
1387,2.0
1388,1.0
1389,1.0
1390,2.0
1391,2.0
1392,3.0
1393,3.0
1394,3.0
1395,1.0
1396,1.0
1397,1.0
1398,0.0
1399,3.0
1400,3.0
1401,0.0
1402,1.0
1403,0.0
1404,2.0
1405,2.0
1406,1.0
1407,1.0
1408,3.0
1409,3.0
1410,1.0
1411,1.0
1412,1.0
1413,3.0
1414,1.0
1415,1.0
1416,3.0
1417,1.0
1418,0.0
1419,3.0
1420,1.0
1421,3.0
1422,3.0
1423,2.0
1424,0.0
1425,3.0
1426,2.0
1427,0.0
1428,3.0
1429,3.0
1430,0.0
1431,0.0
1432,2.0
1433,3.0
1434,2.0
1435,3.0
1436,3.0
1437,2.0
1438,0.0
1439,2.0
1440,0.0
1441,1.0
1442,1.0
1443,2.0
1444,2.0
1445,2.0
1446,3.0
1447,1.0
1448,2.0
1449,3.0
1450,2.0
1451,1.0
1452,3.0
1453,1.0
1454,3.0
1455,0.0
1456,3.0
1457,0.0
1458,1.0
1459,0.0
1460,3.0
1461,2.0
1462,3.0
1463,2.0
1464,0.0
1465,1.0
1466,2.0
1467,2.0
1468,1.0
1469,2.0
1470,0.0
1471,2.0
1472,3.0
1473,1.0
1474,3.0
1475,2.0
1476,1.0
1477,1.0
1478,1.0
1479,3.0
1480,1.0
1481,2.0
1482,2.0
1483,2.0
1484,2.0
1485,2.0
1486,0.0
1487,2.0
1488,2.0
1489,3.0
1490,1.0
1491,3.0
1492,1.0
1493,2.0
1494,3.0
1495,3.0
1496,2.0
1497,0.0
1498,1.0
1499,1.0
1500,1.0
1501,2.0
1502,1.0
1503,3.0
1504,0.0
1505,1.0
1506,0.0
1507,3.0
1508,1.0
1509,3.0
1510,3.0
1511,2.0
1512,0.0
1513,0.0
1514,2.0
1515,3.0
1516,1.0
1517,2.0
1518,1.0
1519,1.0
1520,3.0
1521,2.0
1522,1.0
1523,3.0
1524,1.0
1525,2.0
1526,1.0
1527,1.0
1528,1.0
1529,2.0
1530,3.0
1531,1.0
1532,2.0
1533,2.0
1534,3.0
1535,2.0
1536,1.0
1537,2.0
1538,2.0
1539,1.0
1540,1.0
1541,3.0
1542,1.0
1543,2.0
1544,0.0
1545,1.0
1546,1.0
1547,2.0
1548,1.0
1549,3.0
1550,1.0
1551,2.0
1552,1.0
1553,1.0
1554,1.0
1555,3.0
1556,3.0
1557,0.0
1558,3.0
1559,3.0
1560,2.0
1561,1.0
1562,2.0
1563,2.0
1564,1.0
1565,1.0
1566,0.0
1567,1.0
1568,1.0
1569,0.0
1570,2.0
1571,1.0
1572,0.0
1573,1.0
1574,0.0
1575,2.0
1576,0.0
1577,3.0
1578,3.0
1579,0.0
1580,0.0
1581,2.0
1582,3.0
1583,3.0
1584,3.0
1585,1.0
1586,1.0
1587,2.0
1588,1.0
1589,2.0
1590,1.0
1591,0.0
1592,1.0
1593,1.0
1594,3.0
1595,1.0
1596,1.0
1597,3.0
1598,1.0
1599,2.0
1600,3.0
1601,0.0
1602,2.0
1603,1.0
1604,2.0
1605,0.0
1606,1.0
1607,3.0
1608,1.0
1609,3.0
1610,3.0
1611,3.0
1612,2.0
1613,1.0
1614,2.0
1615,3.0
1616,3.0
1617,0.0
1618,2.0
1619,2.0
1620,2.0
1621,3.0
1622,1.0
1623,2.0
1624,1.0
1625,1.0
1626,3.0
1627,2.0
1628,2.0
1629,3.0
1630,3.0
1631,0.0
1632,2.0
1633,3.0
1634,2.0
1635,2.0
1636,3.0
1637,0.0
1638,3.0
1639,2.0
1640,2.0
1641,0.0
1642,0.0
1643,2.0
1644,3.0
1645,0.0
1646,0.0
1647,1.0
1648,2.0
1649,3.0
1650,1.0
1651,1.0
1652,1.0
1653,2.0
1654,3.0
1655,0.0
1656,1.0
1657,1.0
1658,1.0
1659,2.0
1660,3.0
1661,2.0
1662,2.0
1663,2.0
1664,1.0
1665,1.0
1666,2.0
1667,1.0
1668,3.0
1669,1.0
1670,1.0
1671,2.0
1672,3.0
1673,3.0
1674,0.0
1675,3.0
1676,1.0
1677,0.0
1678,0.0
1679,0.0
1680,1.0
1681,2.0
1682,1.0
1683,1.0
1684,0.0
1685,3.0
1686,2.0
1687,2.0
1688,2.0
1689,1.0
1690,2.0
1691,3.0
1692,0.0
1693,1.0
1694,2.0
1695,3.0
1696,2.0
1697,0.0
1698,1.0
1699,1.0
1700,3.0
1701,3.0
1702,1.0
1703,2.0
1704,0.0
1705,1.0
1706,3.0
1707,2.0
1708,1.0
1709,2.0
1710,0.0
1711,2.0
1712,3.0
1713,2.0
1714,1.0
1715,1.0
1716,1.0
1717,2.0
1718,1.0
1719,2.0
1720,1.0
1721,0.0
1722,2.0
1723,3.0
1724,0.0
1725,1.0
1726,2.0
1727,2.0
1728,2.0
1729,1.0
1730,1.0
1731,3.0
1732,1.0
1733,2.0
1734,3.0
1735,1.0
1736,2.0
1737,1.0
1738,0.0
1739,0.0
1740,1.0
1741,2.0
1742,1.0
1743,2.0
1744,1.0
1745,0.0
1746,0.0
1747,2.0
1748,1.0
1749,3.0
1750,3.0
1751,3.0
1752,1.0
1753,2.0
1754,1.0
1755,0.0
1756,0.0
1757,3.0
1758,3.0
1759,3.0
1760,2.0
1761,3.0
1762,3.0
1763,3.0
1764,1.0
1765,2.0
1766,2.0
1767,3.0
1768,0.0
1769,3.0
1770,0.0
1771,0.0
1772,0.0
1773,1.0
1774,1.0
1775,2.0
1776,1.0
1777,0.0
1778,3.0
1779,2.0
1780,2.0
1781,1.0
1782,1.0
1783,1.0
1784,0.0
1785,1.0
1786,3.0
1787,3.0
1788,2.0
1789,3.0
1790,1.0
1791,2.0
1792,0.0
1793,2.0
1794,3.0
1795,2.0
1796,3.0
1797,3.0
1798,0.0
1799,1.0
1800,3.0
1801,1.0
1802,0.0
1803,0.0
1804,3.0
1805,1.0
1806,1.0
1807,2.0
1808,3.0
1809,1.0
1810,1.0
1811,0.0
1812,2.0
1813,3.0
1814,0.0
1815,1.0
1816,2.0
1817,0.0
1818,0.0
1819,2.0
1820,1.0
1821,2.0
1822,0.0
1823,0.0
1824,3.0
1825,3.0
1826,3.0
1827,3.0
1828,1.0
1829,1.0
1830,3.0
1831,2.0
1832,2.0
1833,1.0
1834,1.0
1835,2.0
1836,1.0
1837,2.0
1838,2.0
1839,3.0
1840,2.0
1841,3.0
1842,3.0
1843,2.0
1844,1.0
1845,2.0
1846,1.0
1847,2.0
1848,2.0
1849,2.0
1850,1.0
1851,3.0
1852,0.0
1853,2.0
1854,3.0
1855,3.0
1856,2.0
1857,1.0
1858,0.0
1859,0.0
1860,3.0
1861,3.0
1862,2.0
1863,2.0
1864,3.0
1865,2.0
1866,0.0
1867,2.0
1868,3.0
1869,0.0
1870,1.0
1871,1.0
1872,1.0
1873,1.0
1874,2.0
1875,1.0
1876,3.0
1877,1.0
1878,1.0
1879,3.0
1880,3.0
1881,2.0
1882,1.0
1883,2.0
1884,2.0
1885,2.0
1886,0.0
1887,0.0
1888,3.0
1889,2.0
1890,3.0
1891,1.0
1892,2.0
1893,1.0
1894,3.0
1895,2.0
1896,1.0
1897,0.0
1898,3.0
1899,2.0
1900,3.0
1901,2.0
1902,1.0
1903,3.0
1904,1.0
1905,1.0
1906,3.0
1907,0.0
1908,2.0
1909,3.0
1910,2.0
1911,3.0
1912,1.0
1913,2.0
1914,2.0
1915,2.0
1916,3.0
1917,1.0
1918,3.0
1919,2.0
1920,3.0
1921,1.0
1922,1.0
1923,0.0
1924,2.0
1925,3.0
1926,2.0
1927,2.0
1928,1.0
1929,1.0
1930,3.0
1931,0.0
1932,0.0
1933,2.0
1934,3.0
1935,2.0
1936,1.0
1937,0.0
1938,3.0
1939,3.0
1940,2.0
1941,3.0
1942,0.0
1943,1.0
1944,3.0
1945,2.0
1946,2.0
1947,1.0
1948,1.0
1949,1.0
1950,3.0
1951,2.0
1952,2.0
1953,2.0
1954,3.0
1955,1.0
1956,3.0
1957,3.0
1958,3.0
1959,3.0
1960,0.0
1961,2.0
1962,0.0
1963,1.0
1964,1.0
1965,2.0
1966,1.0
1967,2.0
1968,0.0
1969,3.0
1970,2.0
1971,2.0
1972,3.0
1973,0.0
1974,3.0
1975,2.0
1976,3.0
1977,1.0
1978,1.0
1979,1.0
1980,1.0
1981,1.0
1982,3.0
1983,3.0
1984,3.0
1985,0.0
1986,3.0
1987,3.0
1988,3.0
1989,3.0
1990,3.0
1991,1.0
1992,2.0
1993,0.0
1994,3.0
1995,0.0
1996,0.0
1997,1.0
1998,1.0
1999,1.0
2000,1.0
2001,3.0
2002,3.0
2003,2.0
2004,1.0
2005,0.0
2006,1.0
2007,0.0
2008,1.0
2009,1.0
2010,2.0
2011,1.0
2012,1.0
2013,3.0
2014,0.0
2015,2.0
2016,1.0
2017,3.0
2018,2.0
2019,2.0
2020,2.0
2021,2.0
2022,1.0
2023,1.0
2024,1.0
2025,1.0
2026,3.0
2027,3.0
2028,1.0
2029,1.0
2030,1.0
2031,2.0
2032,1.0
2033,3.0
2034,3.0
2035,3.0
2036,1.0
2037,3.0
2038,2.0
2039,1.0
2040,3.0
2041,0.0
2042,1.0
2043,3.0
2044,0.0
2045,2.0
2046,2.0
2047,3.0
2048,1.0
2049,2.0
2050,0.0
2051,2.0
2052,3.0
2053,1.0
2054,0.0
2055,2.0
2056,3.0
2057,1.0
2058,2.0
2059,3.0
2060,2.0
2061,3.0
2062,3.0
2063,1.0
2064,3.0
2065,3.0
2066,3.0
2067,3.0
2068,3.0
2069,1.0
2070,1.0
2071,2.0
2072,0.0
2073,2.0
2074,2.0
2075,1.0
2076,1.0
2077,3.0
2078,1.0
2079,1.0
2080,3.0
2081,1.0
2082,3.0
2083,0.0
2084,2.0
2085,2.0
2086,3.0
2087,1.0
2088,3.0
2089,0.0
2090,1.0
2091,2.0
2092,3.0
2093,1.0
2094,2.0
2095,0.0
2096,1.0
2097,1.0
2098,0.0
2099,2.0
2100,2.0
2101,1.0
2102,3.0
2103,3.0
2104,0.0
2105,0.0
2106,1.0
2107,1.0
2108,0.0
2109,1.0
2110,3.0
2111,0.0
2112,2.0
2113,1.0
2114,3.0
2115,2.0
2116,2.0
2117,1.0
2118,3.0
2119,3.0
2120,3.0
2121,1.0
2122,2.0
2123,2.0
2124,1.0
2125,0.0
2126,3.0
2127,1.0
2128,2.0
2129,2.0
2130,2.0
2131,2.0
2132,2.0
2133,3.0
2134,1.0
2135,3.0
2136,2.0
2137,1.0
2138,3.0
2139,1.0
2140,2.0
2141,2.0
2142,0.0
2143,3.0
2144,3.0
2145,0.0
2146,2.0
2147,0.0
2148,3.0
2149,1.0
2150,3.0
2151,2.0
2152,2.0
2153,3.0
2154,0.0
2155,3.0
2156,2.0
2157,3.0
2158,2.0
2159,0.0
2160,2.0
2161,2.0
2162,3.0
2163,0.0
2164,1.0
2165,2.0
2166,3.0
2167,1.0
2168,1.0
2169,3.0
2170,2.0
2171,0.0
2172,2.0
2173,2.0
2174,1.0
2175,1.0
2176,3.0
2177,3.0
2178,3.0
2179,2.0
2180,0.0
2181,1.0
2182,3.0
2183,2.0
2184,1.0
2185,2.0
2186,3.0
2187,2.0
2188,3.0
2189,1.0
2190,3.0
2191,0.0
2192,2.0
2193,1.0
2194,3.0
2195,3.0
2196,3.0
2197,1.0
2198,1.0
2199,1.0
2200,2.0
2201,3.0
2202,3.0
2203,1.0
2204,0.0
2205,2.0
2206,3.0
2207,1.0
2208,1.0
2209,3.0
2210,2.0
2211,3.0
2212,1.0
2213,1.0
2214,2.0
2215,2.0
2216,3.0
2217,2.0
2218,3.0
2219,2.0
2220,1.0
2221,3.0
2222,2.0
2223,3.0
2224,3.0
2225,2.0
2226,2.0
2227,0.0
2228,2.0
2229,3.0
2230,3.0
2231,1.0
2232,1.0
2233,2.0
2234,3.0
2235,1.0
2236,1.0
2237,2.0
2238,2.0
2239,0.0
2240,2.0
2241,1.0
2242,2.0
2243,3.0
2244,2.0
2245,2.0
2246,1.0
2247,1.0
2248,2.0
2249,3.0
2250,3.0
2251,2.0
2252,1.0
2253,1.0
2254,3.0
2255,2.0
2256,2.0
2257,1.0
2258,1.0
2259,3.0
2260,2.0
2261,0.0
2262,0.0
2263,2.0
2264,1.0
2265,2.0
2266,1.0
2267,3.0
2268,2.0
2269,3.0
2270,1.0
2271,3.0
2272,2.0
2273,2.0
2274,2.0
2275,3.0
2276,1.0
2277,3.0
2278,3.0
2279,0.0
2280,1.0
2281,1.0
2282,2.0
2283,1.0
2284,2.0
2285,2.0
2286,3.0
2287,1.0
2288,3.0
2289,2.0
2290,1.0
2291,3.0
2292,3.0
2293,3.0
2294,0.0
2295,2.0
2296,3.0
2297,3.0
2298,2.0
2299,2.0
2300,1.0
2301,1.0
2302,2.0
2303,0.0
2304,2.0
2305,3.0
2306,0.0
2307,0.0
2308,3.0
2309,3.0
2310,1.0
2311,2.0
2312,3.0
2313,0.0
2314,1.0
2315,1.0
2316,3.0
2317,2.0
2318,0.0
2319,2.0
2320,0.0
2321,0.0
2322,3.0
2323,2.0
2324,3.0
2325,0.0
2326,0.0
2327,2.0
2328,0.0
2329,2.0
2330,3.0
2331,1.0
2332,2.0
2333,1.0
2334,1.0
2335,0.0
2336,2.0
2337,3.0
2338,1.0
2339,3.0
2340,2.0
2341,3.0
2342,1.0
2343,1.0
2344,1.0
2345,2.0
2346,3.0
2347,3.0
2348,1.0
2349,1.0
2350,2.0
2351,1.0
2352,0.0
2353,2.0
2354,0.0
2355,0.0
2356,0.0
2357,3.0
2358,3.0
2359,2.0
2360,1.0
2361,1.0
2362,2.0
2363,3.0
2364,2.0
2365,0.0
2366,0.0
2367,2.0
2368,1.0
2369,3.0
2370,1.0
2371,0.0
2372,3.0
2373,3.0
2374,2.0
2375,1.0
2376,3.0
2377,1.0
2378,0.0
2379,1.0
2380,2.0
2381,2.0
2382,3.0
2383,0.0
2384,0.0
2385,2.0
2386,1.0
2387,1.0
2388,3.0
2389,1.0
2390,1.0
2391,2.0
2392,3.0
2393,2.0
2394,0.0
2395,1.0
2396,1.0
2397,1.0
2398,3.0
2399,1.0
2400,2.0
2401,0.0
2402,1.0
2403,3.0
2404,2.0
2405,2.0
2406,2.0
2407,0.0
2408,3.0
2409,2.0
2410,1.0
2411,0.0
2412,2.0
2413,1.0
2414,0.0
2415,3.0
2416,3.0
2417,3.0
2418,2.0
2419,3.0
2420,2.0
2421,3.0
2422,2.0
2423,2.0
2424,2.0
2425,0.0
2426,3.0
2427,0.0
2428,2.0
2429,2.0
2430,1.0
2431,0.0
2432,0.0
2433,3.0
2434,1.0
2435,0.0
2436,1.0
2437,2.0
2438,1.0
2439,0.0
2440,3.0
2441,2.0
2442,2.0
2443,1.0
2444,1.0
2445,0.0
2446,3.0
2447,3.0
2448,3.0
2449,2.0
2450,1.0
2451,1.0
2452,3.0
2453,3.0
2454,1.0
2455,0.0
2456,3.0
2457,1.0
2458,3.0
2459,3.0
2460,2.0
2461,2.0
2462,1.0
2463,0.0
2464,0.0
2465,1.0
2466,1.0
2467,3.0
2468,2.0
2469,3.0
2470,2.0
2471,1.0
2472,1.0
2473,3.0
2474,1.0
2475,3.0
2476,3.0
2477,0.0
2478,2.0
2479,0.0
2480,2.0
2481,2.0
2482,2.0
2483,2.0
2484,1.0
2485,2.0
2486,2.0
2487,0.0
2488,2.0
2489,2.0
2490,3.0
2491,3.0
2492,1.0
2493,1.0
2494,2.0
2495,1.0
2496,1.0
2497,2.0
2498,2.0
2499,3.0
2500,1.0
2501,0.0
2502,3.0
2503,2.0
2504,2.0
2505,3.0
2506,3.0
2507,1.0
2508,2.0
2509,2.0
2510,0.0
2511,0.0
2512,2.0
2513,2.0
2514,3.0
2515,1.0
2516,0.0
2517,3.0
2518,1.0
2519,3.0
2520,2.0
2521,1.0
2522,1.0
2523,0.0
2524,3.0
2525,2.0
2526,2.0
2527,1.0
2528,2.0
2529,2.0
2530,1.0
2531,1.0
2532,0.0
2533,3.0
2534,2.0
2535,0.0
2536,1.0
2537,2.0
2538,0.0
2539,2.0
2540,3.0
2541,1.0
2542,1.0
2543,3.0
2544,1.0
2545,2.0
2546,3.0
2547,1.0
2548,2.0
2549,1.0
2550,0.0
2551,2.0
2552,2.0
2553,2.0
2554,3.0
2555,0.0
2556,1.0
2557,3.0
2558,2.0
2559,3.0
2560,1.0
2561,0.0
2562,2.0
2563,3.0
2564,2.0
2565,2.0
2566,3.0
2567,1.0
2568,1.0
2569,0.0
2570,1.0
2571,3.0
2572,2.0
2573,1.0
2574,2.0
2575,2.0
2576,0.0
2577,3.0
2578,1.0
2579,1.0
2580,3.0
2581,0.0
2582,1.0
2583,2.0
2584,1.0
2585,1.0
2586,2.0
2587,2.0
2588,3.0
2589,1.0
2590,3.0
2591,3.0
2592,3.0
2593,3.0
2594,2.0
2595,2.0
2596,1.0
2597,2.0
2598,3.0
2599,0.0
2600,2.0
2601,1.0
2602,1.0
2603,3.0
2604,2.0
2605,1.0
2606,3.0
2607,0.0
2608,1.0
2609,3.0
2610,1.0
2611,2.0
2612,1.0
2613,3.0
2614,1.0
2615,0.0
2616,2.0
2617,3.0
2618,2.0
2619,3.0
2620,2.0
2621,3.0
2622,2.0
2623,3.0
2624,2.0
2625,0.0
2626,1.0
2627,1.0
2628,3.0
2629,3.0
2630,3.0
2631,0.0
2632,3.0
2633,0.0
2634,0.0
2635,2.0
2636,3.0
2637,0.0
2638,1.0
2639,1.0
2640,3.0
2641,1.0
2642,2.0
2643,2.0
2644,0.0
2645,3.0
2646,2.0
2647,3.0
2648,2.0
2649,1.0
2650,3.0
2651,2.0
2652,2.0
2653,3.0
2654,0.0
2655,2.0
2656,0.0
2657,2.0
2658,3.0
2659,1.0
2660,3.0
2661,1.0
2662,3.0
2663,3.0
2664,2.0
2665,3.0
2666,1.0
2667,1.0
2668,3.0
2669,2.0
2670,2.0
2671,2.0
2672,3.0
2673,1.0
2674,2.0
2675,1.0
2676,3.0
2677,1.0
2678,1.0
2679,3.0
2680,2.0
2681,1.0
2682,2.0
2683,3.0
2684,1.0
2685,0.0
2686,1.0
2687,1.0
2688,1.0
2689,2.0
2690,1.0
2691,0.0
2692,3.0
2693,1.0
2694,1.0
2695,3.0
2696,3.0
2697,0.0
2698,2.0
2699,0.0
2700,2.0
2701,1.0
2702,2.0
2703,3.0
2704,3.0
2705,3.0
2706,1.0
2707,2.0
2708,0.0
2709,3.0
2710,0.0
2711,3.0
2712,1.0
2713,2.0
2714,0.0
2715,1.0
2716,3.0
2717,3.0
2718,2.0
2719,2.0
2720,2.0
2721,1.0
2722,2.0
2723,3.0
2724,1.0
2725,2.0
2726,2.0
2727,1.0
2728,3.0
2729,0.0
2730,1.0
2731,2.0
2732,1.0
2733,1.0
2734,2.0
2735,2.0
2736,2.0
2737,1.0
2738,3.0
2739,1.0
2740,1.0
2741,1.0
2742,2.0
2743,0.0
2744,1.0
2745,2.0
2746,2.0
2747,1.0
2748,0.0
2749,2.0
2750,3.0
2751,1.0
2752,3.0
2753,3.0
2754,3.0
2755,1.0
2756,1.0
2757,1.0
2758,3.0
2759,2.0
2760,1.0
2761,3.0
2762,1.0
2763,3.0
2764,3.0
2765,3.0
2766,2.0
2767,2.0
2768,0.0
2769,3.0
2770,3.0
2771,2.0
2772,3.0
2773,1.0
2774,3.0
2775,2.0
2776,2.0
2777,1.0
2778,2.0
2779,2.0
2780,2.0
2781,2.0
2782,1.0
2783,1.0
2784,2.0
2785,2.0
2786,1.0
2787,2.0
2788,3.0
2789,1.0
2790,1.0
2791,1.0
2792,3.0
2793,2.0
2794,1.0
2795,3.0
2796,2.0
2797,0.0
2798,2.0
2799,3.0
2800,1.0
2801,1.0
2802,2.0
2803,1.0
2804,0.0
2805,3.0
2806,0.0
2807,2.0
2808,3.0
2809,1.0
2810,1.0
2811,2.0
2812,1.0
2813,0.0
2814,1.0
2815,2.0
2816,2.0
2817,1.0
2818,3.0
2819,0.0
2820,0.0
2821,2.0
2822,1.0
2823,0.0
2824,0.0
2825,2.0
2826,3.0
2827,2.0
2828,2.0
2829,3.0
2830,1.0
2831,3.0
2832,3.0
2833,0.0
2834,3.0
2835,3.0
2836,0.0
2837,1.0
2838,1.0
2839,1.0
2840,0.0
2841,3.0
2842,3.0
2843,1.0
2844,2.0
2845,2.0
2846,2.0
2847,3.0
2848,0.0
2849,2.0
2850,0.0
2851,2.0
2852,1.0
2853,0.0
2854,3.0
2855,2.0
2856,2.0
2857,1.0
2858,1.0
2859,0.0
2860,3.0
2861,0.0
2862,1.0
2863,0.0
2864,1.0
2865,3.0
2866,0.0
2867,1.0
2868,0.0
2869,3.0
2870,3.0
2871,1.0
2872,3.0
2873,0.0
2874,0.0
2875,3.0
2876,2.0
2877,0.0
2878,1.0
2879,2.0
2880,3.0
2881,0.0
2882,3.0
2883,1.0
2884,1.0
2885,2.0
2886,0.0
2887,1.0
2888,2.0
2889,0.0
2890,3.0
2891,2.0
2892,3.0
2893,3.0
2894,3.0
2895,3.0
2896,1.0
2897,3.0
2898,2.0
2899,0.0
2900,2.0
2901,2.0
2902,3.0
2903,3.0
2904,1.0
2905,2.0
2906,3.0
2907,3.0
2908,1.0
2909,1.0
2910,2.0
2911,2.0
2912,1.0
2913,3.0
2914,3.0
2915,3.0
2916,0.0
2917,3.0
2918,1.0
2919,2.0
2920,1.0
2921,2.0
2922,3.0
2923,0.0
2924,3.0
2925,2.0
2926,0.0
2927,3.0
2928,1.0
2929,2.0
2930,2.0
2931,1.0
2932,1.0
2933,3.0
2934,3.0
2935,0.0
2936,1.0
2937,1.0
2938,3.0
2939,3.0
2940,1.0
2941,3.0
2942,2.0
2943,0.0
2944,3.0
2945,1.0
2946,3.0
2947,1.0
2948,0.0
2949,0.0
2950,0.0
2951,3.0
2952,2.0
2953,2.0
2954,3.0
2955,1.0
2956,3.0
2957,2.0
2958,2.0
2959,1.0
2960,1.0
2961,0.0
2962,0.0
2963,3.0
2964,2.0
2965,3.0
2966,1.0
2967,1.0
2968,3.0
2969,2.0
2970,1.0
2971,3.0
2972,2.0
2973,2.0
2974,3.0
2975,2.0
2976,0.0
2977,0.0
2978,2.0
2979,1.0
2980,3.0
2981,3.0
2982,2.0
2983,0.0
2984,2.0
2985,1.0
2986,1.0
2987,0.0
2988,1.0
2989,1.0
2990,2.0
2991,3.0
2992,3.0
2993,3.0
2994,1.0
2995,0.0
2996,2.0
2997,1.0
2998,1.0
2999,3.0
